PC1_Angstrom,PC2_Angstrom,DeltaG_kJmol
-26.243752,-27.076630,43.896923
-26.243752,-25.994690,43.896923
-26.243752,-24.912750,43.896923
-26.243752,-23.830810,43.896923
-26.243752,-22.748870,43.896923
-26.243752,-21.666930,43.896923
-26.243752,-20.584990,43.896923
-26.243752,-19.503050,43.896923
-26.243752,-18.421110,43.896923
-26.243752,-17.339170,43.896923
-26.243752,-16.257230,43.896923
-26.243752,-15.175290,43.896923
-26.243752,-14.093350,43.896923
-26.243752,-13.011410,43.896923
-26.243752,-11.929470,9.438523
-26.243752,-10.847530,43.896923
-26.243752,-9.765590,43.896923
-26.243752,-8.683650,43.896923
-26.243752,-7.601710,9.438523
-26.243752,-6.519770,43.896923
-26.243752,-5.437830,43.896923
-26.243752,-4.355890,43.896923
-26.243752,-3.273950,43.896923
-26.243752,-2.192010,43.896923
-26.243752,-1.110070,43.896923
-26.243752,-0.028130,43.896923
-26.243752,1.053810,9.438523
-26.243752,2.135750,43.896923
-26.243752,3.217690,43.896923
-26.243752,4.299630,43.896923
-26.243752,5.381570,43.896923
-26.243752,6.463510,43.896923
-26.243752,7.545450,43.896923
-26.243752,8.627390,43.896923
-26.243752,9.709330,43.896923
-26.243752,10.791270,43.896923
-26.243752,11.873210,43.896923
-26.243752,12.955150,43.896923
-26.243752,14.037090,43.896923
-26.243752,15.119030,43.896923
-26.243752,16.200970,43.896923
-26.243752,17.282910,43.896923
-26.243752,18.364850,43.896923
-26.243752,19.446790,43.896923
-26.243752,20.528730,43.896923
-26.243752,21.610670,43.896923
-26.243752,22.692610,43.896923
-26.243752,23.774550,43.896923
-26.243752,24.856490,43.896923
-26.243752,25.938430,43.896923
-25.201056,-27.076630,43.896923
-25.201056,-25.994690,43.896923
-25.201056,-24.912750,43.896923
-25.201056,-23.830810,43.896923
-25.201056,-22.748870,43.896923
-25.201056,-21.666930,43.896923
-25.201056,-20.584990,43.896923
-25.201056,-19.503050,43.896923
-25.201056,-18.421110,43.896923
-25.201056,-17.339170,43.896923
-25.201056,-16.257230,43.896923
-25.201056,-15.175290,43.896923
-25.201056,-14.093350,43.896923
-25.201056,-13.011410,43.896923
-25.201056,-11.929470,9.438523
-25.201056,-10.847530,43.896923
-25.201056,-9.765590,43.896923
-25.201056,-8.683650,43.896923
-25.201056,-7.601710,9.438523
-25.201056,-6.519770,43.896923
-25.201056,-5.437830,43.896923
-25.201056,-4.355890,9.438523
-25.201056,-3.273950,7.709677
-25.201056,-2.192010,9.438523
-25.201056,-1.110070,6.698366
-25.201056,-0.028130,43.896923
-25.201056,1.053810,43.896923
-25.201056,2.135750,43.896923
-25.201056,3.217690,43.896923
-25.201056,4.299630,43.896923
-25.201056,5.381570,43.896923
-25.201056,6.463510,43.896923
-25.201056,7.545450,43.896923
-25.201056,8.627390,43.896923
-25.201056,9.709330,43.896923
-25.201056,10.791270,43.896923
-25.201056,11.873210,43.896923
-25.201056,12.955150,43.896923
-25.201056,14.037090,43.896923
-25.201056,15.119030,43.896923
-25.201056,16.200970,43.896923
-25.201056,17.282910,43.896923
-25.201056,18.364850,43.896923
-25.201056,19.446790,43.896923
-25.201056,20.528730,43.896923
-25.201056,21.610670,43.896923
-25.201056,22.692610,43.896923
-25.201056,23.774550,43.896923
-25.201056,24.856490,43.896923
-25.201056,25.938430,43.896923
-24.158360,-27.076630,43.896923
-24.158360,-25.994690,43.896923
-24.158360,-24.912750,43.896923
-24.158360,-23.830810,43.896923
-24.158360,-22.748870,43.896923
-24.158360,-21.666930,43.896923
-24.158360,-20.584990,43.896923
-24.158360,-19.503050,43.896923
-24.158360,-18.421110,43.896923
-24.158360,-17.339170,43.896923
-24.158360,-16.257230,43.896923
-24.158360,-15.175290,43.896923
-24.158360,-14.093350,9.438523
-24.158360,-13.011410,43.896923
-24.158360,-11.929470,9.438523
-24.158360,-10.847530,9.438523
-24.158360,-9.765590,43.896923
-24.158360,-8.683650,9.438523
-24.158360,-7.601710,7.709677
-24.158360,-6.519770,7.709677
-24.158360,-5.437830,6.698366
-24.158360,-4.355890,7.709677
-24.158360,-3.273950,43.896923
-24.158360,-2.192010,43.896923
-24.158360,-1.110070,43.896923
-24.158360,-0.028130,9.438523
-24.158360,1.053810,7.709677
-24.158360,2.135750,9.438523
-24.158360,3.217690,6.698366
-24.158360,4.299630,9.438523
-24.158360,5.381570,9.438523
-24.158360,6.463510,9.438523
-24.158360,7.545450,43.896923
-24.158360,8.627390,9.438523
-24.158360,9.709330,43.896923
-24.158360,10.791270,43.896923
-24.158360,11.873210,9.438523
-24.158360,12.955150,43.896923
-24.158360,14.037090,43.896923
-24.158360,15.119030,43.896923
-24.158360,16.200970,43.896923
-24.158360,17.282910,43.896923
-24.158360,18.364850,43.896923
-24.158360,19.446790,43.896923
-24.158360,20.528730,43.896923
-24.158360,21.610670,43.896923
-24.158360,22.692610,43.896923
-24.158360,23.774550,43.896923
-24.158360,24.856490,43.896923
-24.158360,25.938430,43.896923
-23.115664,-27.076630,43.896923
-23.115664,-25.994690,43.896923
-23.115664,-24.912750,43.896923
-23.115664,-23.830810,43.896923
-23.115664,-22.748870,43.896923
-23.115664,-21.666930,43.896923
-23.115664,-20.584990,43.896923
-23.115664,-19.503050,43.896923
-23.115664,-18.421110,43.896923
-23.115664,-17.339170,9.438523
-23.115664,-16.257230,43.896923
-23.115664,-15.175290,43.896923
-23.115664,-14.093350,43.896923
-23.115664,-13.011410,43.896923
-23.115664,-11.929470,43.896923
-23.115664,-10.847530,9.438523
-23.115664,-9.765590,43.896923
-23.115664,-8.683650,5.980830
-23.115664,-7.601710,6.698366
-23.115664,-6.519770,6.698366
-23.115664,-5.437830,6.698366
-23.115664,-4.355890,6.698366
-23.115664,-3.273950,43.896923
-23.115664,-2.192010,5.424265
-23.115664,-1.110070,9.438523
-23.115664,-0.028130,9.438523
-23.115664,1.053810,6.698366
-23.115664,2.135750,7.709677
-23.115664,3.217690,7.709677
-23.115664,4.299630,43.896923
-23.115664,5.381570,43.896923
-23.115664,6.463510,9.438523
-23.115664,7.545450,9.438523
-23.115664,8.627390,7.709677
-23.115664,9.709330,6.698366
-23.115664,10.791270,9.438523
-23.115664,11.873210,43.896923
-23.115664,12.955150,7.709677
-23.115664,14.037090,43.896923
-23.115664,15.119030,43.896923
-23.115664,16.200970,43.896923
-23.115664,17.282910,43.896923
-23.115664,18.364850,43.896923
-23.115664,19.446790,43.896923
-23.115664,20.528730,43.896923
-23.115664,21.610670,43.896923
-23.115664,22.692610,43.896923
-23.115664,23.774550,43.896923
-23.115664,24.856490,43.896923
-23.115664,25.938430,43.896923
-22.072968,-27.076630,43.896923
-22.072968,-25.994690,43.896923
-22.072968,-24.912750,43.896923
-22.072968,-23.830810,43.896923
-22.072968,-22.748870,43.896923
-22.072968,-21.666930,43.896923
-22.072968,-20.584990,43.896923
-22.072968,-19.503050,43.896923
-22.072968,-18.421110,43.896923
-22.072968,-17.339170,9.438523
-22.072968,-16.257230,43.896923
-22.072968,-15.175290,7.709677
-22.072968,-14.093350,43.896923
-22.072968,-13.011410,43.896923
-22.072968,-11.929470,6.698366
-22.072968,-10.847530,7.709677
-22.072968,-9.765590,7.709677
-22.072968,-8.683650,9.438523
-22.072968,-7.601710,9.438523
-22.072968,-6.519770,6.698366
-22.072968,-5.437830,9.438523
-22.072968,-4.355890,5.980830
-22.072968,-3.273950,6.698366
-22.072968,-2.192010,3.958208
-22.072968,-1.110070,43.896923
-22.072968,-0.028130,6.698366
-22.072968,1.053810,9.438523
-22.072968,2.135750,9.438523
-22.072968,3.217690,5.980830
-22.072968,4.299630,7.709677
-22.072968,5.381570,6.698366
-22.072968,6.463510,9.438523
-22.072968,7.545450,6.698366
-22.072968,8.627390,43.896923
-22.072968,9.709330,43.896923
-22.072968,10.791270,9.438523
-22.072968,11.873210,9.438523
-22.072968,12.955150,7.709677
-22.072968,14.037090,9.438523
-22.072968,15.119030,43.896923
-22.072968,16.200970,9.438523
-22.072968,17.282910,9.438523
-22.072968,18.364850,43.896923
-22.072968,19.446790,9.438523
-22.072968,20.528730,43.896923
-22.072968,21.610670,43.896923
-22.072968,22.692610,43.896923
-22.072968,23.774550,43.896923
-22.072968,24.856490,43.896923
-22.072968,25.938430,43.896923
-21.030272,-27.076630,43.896923
-21.030272,-25.994690,43.896923
-21.030272,-24.912750,43.896923
-21.030272,-23.830810,43.896923
-21.030272,-22.748870,43.896923
-21.030272,-21.666930,43.896923
-21.030272,-20.584990,43.896923
-21.030272,-19.503050,43.896923
-21.030272,-18.421110,43.896923
-21.030272,-17.339170,43.896923
-21.030272,-16.257230,43.896923
-21.030272,-15.175290,43.896923
-21.030272,-14.093350,9.438523
-21.030272,-13.011410,6.698366
-21.030272,-11.929470,5.424265
-21.030272,-10.847530,7.709677
-21.030272,-9.765590,6.698366
-21.030272,-8.683650,5.424265
-21.030272,-7.601710,5.424265
-21.030272,-6.519770,3.695418
-21.030272,-5.437830,5.424265
-21.030272,-4.355890,4.969519
-21.030272,-3.273950,6.698366
-21.030272,-2.192010,4.251982
-21.030272,-1.110070,4.585036
-21.030272,-0.028130,5.424265
-21.030272,1.053810,5.424265
-21.030272,2.135750,4.585036
-21.030272,3.217690,6.698366
-21.030272,4.299630,4.969519
-21.030272,5.381570,4.969519
-21.030272,6.463510,5.424265
-21.030272,7.545450,6.698366
-21.030272,8.627390,9.438523
-21.030272,9.709330,6.698366
-21.030272,10.791270,6.698366
-21.030272,11.873210,9.438523
-21.030272,12.955150,7.709677
-21.030272,14.037090,5.980830
-21.030272,15.119030,7.709677
-21.030272,16.200970,7.709677
-21.030272,17.282910,43.896923
-21.030272,18.364850,9.438523
-21.030272,19.446790,43.896923
-21.030272,20.528730,43.896923
-21.030272,21.610670,43.896923
-21.030272,22.692610,43.896923
-21.030272,23.774550,43.896923
-21.030272,24.856490,43.896923
-21.030272,25.938430,43.896923
-19.987576,-27.076630,43.896923
-19.987576,-25.994690,43.896923
-19.987576,-24.912750,43.896923
-19.987576,-23.830810,43.896923
-19.987576,-22.748870,9.438523
-19.987576,-21.666930,43.896923
-19.987576,-20.584990,43.896923
-19.987576,-19.503050,7.709677
-19.987576,-18.421110,9.438523
-19.987576,-17.339170,43.896923
-19.987576,-16.257230,7.709677
-19.987576,-15.175290,9.438523
-19.987576,-14.093350,6.698366
-19.987576,-13.011410,5.424265
-19.987576,-11.929470,43.896923
-19.987576,-10.847530,4.585036
-19.987576,-9.765590,4.585036
-19.987576,-8.683650,6.698366
-19.987576,-7.601710,5.424265
-19.987576,-6.519770,5.424265
-19.987576,-5.437830,4.251982
-19.987576,-4.355890,4.251982
-19.987576,-3.273950,4.251982
-19.987576,-2.192010,6.698366
-19.987576,-1.110070,4.251982
-19.987576,-0.028130,5.980830
-19.987576,1.053810,5.424265
-19.987576,2.135750,4.251982
-19.987576,3.217690,5.424265
-19.987576,4.299630,7.709677
-19.987576,5.381570,5.980830
-19.987576,6.463510,7.709677
-19.987576,7.545450,43.896923
-19.987576,8.627390,5.424265
-19.987576,9.709330,6.698366
-19.987576,10.791270,5.980830
-19.987576,11.873210,6.698366
-19.987576,12.955150,7.709677
-19.987576,14.037090,9.438523
-19.987576,15.119030,9.438523
-19.987576,16.200970,7.709677
-19.987576,17.282910,43.896923
-19.987576,18.364850,43.896923
-19.987576,19.446790,43.896923
-19.987576,20.528730,43.896923
-19.987576,21.610670,43.896923
-19.987576,22.692610,43.896923
-19.987576,23.774550,43.896923
-19.987576,24.856490,43.896923
-19.987576,25.938430,43.896923
-18.944880,-27.076630,43.896923
-18.944880,-25.994690,43.896923
-18.944880,-24.912750,9.438523
-18.944880,-23.830810,9.438523
-18.944880,-22.748870,7.709677
-18.944880,-21.666930,43.896923
-18.944880,-20.584990,7.709677
-18.944880,-19.503050,9.438523
-18.944880,-18.421110,7.709677
-18.944880,-17.339170,5.424265
-18.944880,-16.257230,5.424265
-18.944880,-15.175290,5.980830
-18.944880,-14.093350,9.438523
-18.944880,-13.011410,7.709677
-18.944880,-11.929470,3.958208
-18.944880,-10.847530,5.980830
-18.944880,-9.765590,4.585036
-18.944880,-8.683650,3.695418
-18.944880,-7.601710,6.698366
-18.944880,-6.519770,3.240671
-18.944880,-5.437830,6.698366
-18.944880,-4.355890,4.969519
-18.944880,-3.273950,3.958208
-18.944880,-2.192010,3.695418
-18.944880,-1.110070,4.969519
-18.944880,-0.028130,6.698366
-18.944880,1.053810,5.980830
-18.944880,2.135750,5.980830
-18.944880,3.217690,5.980830
-18.944880,4.299630,4.969519
-18.944880,5.381570,6.698366
-18.944880,6.463510,9.438523
-18.944880,7.545450,7.709677
-18.944880,8.627390,5.980830
-18.944880,9.709330,7.709677
-18.944880,10.791270,43.896923
-18.944880,11.873210,9.438523
-18.944880,12.955150,43.896923
-18.944880,14.037090,7.709677
-18.944880,15.119030,43.896923
-18.944880,16.200970,9.438523
-18.944880,17.282910,9.438523
-18.944880,18.364850,43.896923
-18.944880,19.446790,43.896923
-18.944880,20.528730,43.896923
-18.944880,21.610670,43.896923
-18.944880,22.692610,43.896923
-18.944880,23.774550,43.896923
-18.944880,24.856490,43.896923
-18.944880,25.938430,43.896923
-17.902184,-27.076630,43.896923
-17.902184,-25.994690,43.896923
-17.902184,-24.912750,9.438523
-17.902184,-23.830810,43.896923
-17.902184,-22.748870,7.709677
-17.902184,-21.666930,43.896923
-17.902184,-20.584990,5.980830
-17.902184,-19.503050,9.438523
-17.902184,-18.421110,43.896923
-17.902184,-17.339170,5.424265
-17.902184,-16.257230,5.424265
-17.902184,-15.175290,4.585036
-17.902184,-14.093350,4.251982
-17.902184,-13.011410,3.457695
-17.902184,-11.929470,3.958208
-17.902184,-10.847530,2.684107
-17.902184,-9.765590,4.585036
-17.902184,-8.683650,4.585036
-17.902184,-7.601710,4.969519
-17.902184,-6.519770,3.457695
-17.902184,-5.437830,2.856189
-17.902184,-4.355890,3.457695
-17.902184,-3.273950,3.958208
-17.902184,-2.192010,4.251982
-17.902184,-1.110070,6.698366
-17.902184,-0.028130,4.251982
-17.902184,1.053810,7.709677
-17.902184,2.135750,6.698366
-17.902184,3.217690,7.709677
-17.902184,4.299630,7.709677
-17.902184,5.381570,6.698366
-17.902184,6.463510,7.709677
-17.902184,7.545450,43.896923
-17.902184,8.627390,43.896923
-17.902184,9.709330,9.438523
-17.902184,10.791270,7.709677
-17.902184,11.873210,9.438523
-17.902184,12.955150,43.896923
-17.902184,14.037090,9.438523
-17.902184,15.119030,9.438523
-17.902184,16.200970,9.438523
-17.902184,17.282910,9.438523
-17.902184,18.364850,43.896923
-17.902184,19.446790,43.896923
-17.902184,20.528730,43.896923
-17.902184,21.610670,43.896923
-17.902184,22.692610,43.896923
-17.902184,23.774550,43.896923
-17.902184,24.856490,43.896923
-17.902184,25.938430,43.896923
-16.859488,-27.076630,43.896923
-16.859488,-25.994690,43.896923
-16.859488,-24.912750,9.438523
-16.859488,-23.830810,9.438523
-16.859488,-22.748870,43.896923
-16.859488,-21.666930,6.698366
-16.859488,-20.584990,5.424265
-16.859488,-19.503050,9.438523
-16.859488,-18.421110,6.698366
-16.859488,-17.339170,4.585036
-16.859488,-16.257230,6.698366
-16.859488,-15.175290,3.240671
-16.859488,-14.093350,3.695418
-16.859488,-13.011410,3.041029
-16.859488,-11.929470,3.457695
-16.859488,-10.847530,3.958208
-16.859488,-9.765590,1.966570
-16.859488,-8.683650,3.958208
-16.859488,-7.601710,3.695418
-16.859488,-6.519770,3.041029
-16.859488,-5.437830,3.457695
-16.859488,-4.355890,4.585036
-16.859488,-3.273950,5.980830
-16.859488,-2.192010,4.251982
-16.859488,-1.110070,4.251982
-16.859488,-0.028130,5.424265
-16.859488,1.053810,5.424265
-16.859488,2.135750,7.709677
-16.859488,3.217690,6.698366
-16.859488,4.299630,6.698366
-16.859488,5.381570,9.438523
-16.859488,6.463510,9.438523
-16.859488,7.545450,43.896923
-16.859488,8.627390,7.709677
-16.859488,9.709330,9.438523
-16.859488,10.791270,43.896923
-16.859488,11.873210,43.896923
-16.859488,12.955150,43.896923
-16.859488,14.037090,7.709677
-16.859488,15.119030,9.438523
-16.859488,16.200970,9.438523
-16.859488,17.282910,9.438523
-16.859488,18.364850,9.438523
-16.859488,19.446790,43.896923
-16.859488,20.528730,43.896923
-16.859488,21.610670,43.896923
-16.859488,22.692610,43.896923
-16.859488,23.774550,43.896923
-16.859488,24.856490,43.896923
-16.859488,25.938430,43.896923
-15.816792,-27.076630,43.896923
-15.816792,-25.994690,9.438523
-15.816792,-24.912750,43.896923
-15.816792,-23.830810,6.698366
-15.816792,-22.748870,43.896923
-15.816792,-21.666930,9.438523
-15.816792,-20.584990,6.698366
-15.816792,-19.503050,7.709677
-15.816792,-18.421110,5.980830
-15.816792,-17.339170,6.698366
-15.816792,-16.257230,5.424265
-15.816792,-15.175290,4.251982
-15.816792,-14.093350,2.856189
-15.816792,-13.011410,3.695418
-15.816792,-11.929470,3.041029
-15.816792,-10.847530,3.041029
-15.816792,-9.765590,4.585036
-15.816792,-8.683650,4.585036
-15.816792,-7.601710,4.251982
-15.816792,-6.519770,3.695418
-15.816792,-5.437830,4.969519
-15.816792,-4.355890,4.251982
-15.816792,-3.273950,4.585036
-15.816792,-2.192010,7.709677
-15.816792,-1.110070,6.698366
-15.816792,-0.028130,4.969519
-15.816792,1.053810,43.896923
-15.816792,2.135750,4.585036
-15.816792,3.217690,9.438523
-15.816792,4.299630,5.980830
-15.816792,5.381570,6.698366
-15.816792,6.463510,9.438523
-15.816792,7.545450,6.698366
-15.816792,8.627390,9.438523
-15.816792,9.709330,9.438523
-15.816792,10.791270,43.896923
-15.816792,11.873210,43.896923
-15.816792,12.955150,6.698366
-15.816792,14.037090,43.896923
-15.816792,15.119030,9.438523
-15.816792,16.200970,9.438523
-15.816792,17.282910,43.896923
-15.816792,18.364850,7.709677
-15.816792,19.446790,43.896923
-15.816792,20.528730,9.438523
-15.816792,21.610670,43.896923
-15.816792,22.692610,43.896923
-15.816792,23.774550,43.896923
-15.816792,24.856490,43.896923
-15.816792,25.938430,43.896923
-14.774096,-27.076630,43.896923
-14.774096,-25.994690,43.896923
-14.774096,-24.912750,43.896923
-14.774096,-23.830810,43.896923
-14.774096,-22.748870,7.709677
-14.774096,-21.666930,7.709677
-14.774096,-20.584990,6.698366
-14.774096,-19.503050,5.980830
-14.774096,-18.421110,6.698366
-14.774096,-17.339170,5.980830
-14.774096,-16.257230,4.251982
-14.774096,-15.175290,3.695418
-14.774096,-14.093350,4.585036
-14.774096,-13.011410,4.251982
-14.774096,-11.929470,3.958208
-14.774096,-10.847530,5.424265
-14.774096,-9.765590,3.041029
-14.774096,-8.683650,2.856189
-14.774096,-7.601710,4.251982
-14.774096,-6.519770,3.240671
-14.774096,-5.437830,4.969519
-14.774096,-4.355890,4.969519
-14.774096,-3.273950,7.709677
-14.774096,-2.192010,4.969519
-14.774096,-1.110070,5.424265
-14.774096,-0.028130,7.709677
-14.774096,1.053810,43.896923
-14.774096,2.135750,5.980830
-14.774096,3.217690,7.709677
-14.774096,4.299630,5.980830
-14.774096,5.381570,43.896923
-14.774096,6.463510,6.698366
-14.774096,7.545450,9.438523
-14.774096,8.627390,43.896923
-14.774096,9.709330,7.709677
-14.774096,10.791270,9.438523
-14.774096,11.873210,43.896923
-14.774096,12.955150,6.698366
-14.774096,14.037090,43.896923
-14.774096,15.119030,9.438523
-14.774096,16.200970,7.709677
-14.774096,17.282910,43.896923
-14.774096,18.364850,43.896923
-14.774096,19.446790,43.896923
-14.774096,20.528730,43.896923
-14.774096,21.610670,43.896923
-14.774096,22.692610,43.896923
-14.774096,23.774550,43.896923
-14.774096,24.856490,43.896923
-14.774096,25.938430,43.896923
-13.731400,-27.076630,9.438523
-13.731400,-25.994690,7.709677
-13.731400,-24.912750,9.438523
-13.731400,-23.830810,9.438523
-13.731400,-22.748870,6.698366
-13.731400,-21.666930,9.438523
-13.731400,-20.584990,5.424265
-13.731400,-19.503050,5.980830
-13.731400,-18.421110,6.698366
-13.731400,-17.339170,4.969519
-13.731400,-16.257230,6.698366
-13.731400,-15.175290,6.698366
-13.731400,-14.093350,3.457695
-13.731400,-13.011410,3.695418
-13.731400,-11.929470,3.695418
-13.731400,-10.847530,4.969519
-13.731400,-9.765590,3.457695
-13.731400,-8.683650,3.958208
-13.731400,-7.601710,3.695418
-13.731400,-6.519770,4.585036
-13.731400,-5.437830,3.695418
-13.731400,-4.355890,5.980830
-13.731400,-3.273950,4.585036
-13.731400,-2.192010,5.424265
-13.731400,-1.110070,9.438523
-13.731400,-0.028130,5.424265
-13.731400,1.053810,4.969519
-13.731400,2.135750,5.980830
-13.731400,3.217690,4.969519
-13.731400,4.299630,43.896923
-13.731400,5.381570,6.698366
-13.731400,6.463510,6.698366
-13.731400,7.545450,5.980830
-13.731400,8.627390,9.438523
-13.731400,9.709330,9.438523
-13.731400,10.791270,7.709677
-13.731400,11.873210,9.438523
-13.731400,12.955150,7.709677
-13.731400,14.037090,9.438523
-13.731400,15.119030,9.438523
-13.731400,16.200970,43.896923
-13.731400,17.282910,9.438523
-13.731400,18.364850,7.709677
-13.731400,19.446790,9.438523
-13.731400,20.528730,9.438523
-13.731400,21.610670,43.896923
-13.731400,22.692610,43.896923
-13.731400,23.774550,43.896923
-13.731400,24.856490,43.896923
-13.731400,25.938430,43.896923
-12.688704,-27.076630,43.896923
-12.688704,-25.994690,43.896923
-12.688704,-24.912750,9.438523
-12.688704,-23.830810,7.709677
-12.688704,-22.748870,43.896923
-12.688704,-21.666930,6.698366
-12.688704,-20.584990,7.709677
-12.688704,-19.503050,9.438523
-12.688704,-18.421110,6.698366
-12.688704,-17.339170,6.698366
-12.688704,-16.257230,9.438523
-12.688704,-15.175290,4.969519
-12.688704,-14.093350,4.251982
-12.688704,-13.011410,5.424265
-12.688704,-11.929470,4.969519
-12.688704,-10.847530,5.424265
-12.688704,-9.765590,4.251982
-12.688704,-8.683650,4.969519
-12.688704,-7.601710,4.251982
-12.688704,-6.519770,6.698366
-12.688704,-5.437830,3.240671
-12.688704,-4.355890,3.958208
-12.688704,-3.273950,3.958208
-12.688704,-2.192010,5.424265
-12.688704,-1.110070,3.958208
-12.688704,-0.028130,4.585036
-12.688704,1.053810,5.424265
-12.688704,2.135750,4.969519
-12.688704,3.217690,4.251982
-12.688704,4.299630,5.424265
-12.688704,5.381570,4.969519
-12.688704,6.463510,43.896923
-12.688704,7.545450,6.698366
-12.688704,8.627390,7.709677
-12.688704,9.709330,6.698366
-12.688704,10.791270,43.896923
-12.688704,11.873210,9.438523
-12.688704,12.955150,9.438523
-12.688704,14.037090,43.896923
-12.688704,15.119030,9.438523
-12.688704,16.200970,43.896923
-12.688704,17.282910,9.438523
-12.688704,18.364850,43.896923
-12.688704,19.446790,43.896923
-12.688704,20.528730,43.896923
-12.688704,21.610670,43.896923
-12.688704,22.692610,43.896923
-12.688704,23.774550,43.896923
-12.688704,24.856490,43.896923
-12.688704,25.938430,43.896923
-11.646008,-27.076630,43.896923
-11.646008,-25.994690,43.896923
-11.646008,-24.912750,43.896923
-11.646008,-23.830810,43.896923
-11.646008,-22.748870,43.896923
-11.646008,-21.666930,9.438523
-11.646008,-20.584990,7.709677
-11.646008,-19.503050,43.896923
-11.646008,-18.421110,6.698366
-11.646008,-17.339170,5.424265
-11.646008,-16.257230,5.424265
-11.646008,-15.175290,43.896923
-11.646008,-14.093350,6.698366
-11.646008,-13.011410,6.698366
-11.646008,-11.929470,6.698366
-11.646008,-10.847530,4.585036
-11.646008,-9.765590,4.585036
-11.646008,-8.683650,4.251982
-11.646008,-7.601710,4.969519
-11.646008,-6.519770,7.709677
-11.646008,-5.437830,5.424265
-11.646008,-4.355890,4.251982
-11.646008,-3.273950,7.709677
-11.646008,-2.192010,3.240671
-11.646008,-1.110070,4.585036
-11.646008,-0.028130,5.424265
-11.646008,1.053810,4.251982
-11.646008,2.135750,3.457695
-11.646008,3.217690,4.251982
-11.646008,4.299630,3.958208
-11.646008,5.381570,4.969519
-11.646008,6.463510,7.709677
-11.646008,7.545450,3.958208
-11.646008,8.627390,4.969519
-11.646008,9.709330,7.709677
-11.646008,10.791270,5.980830
-11.646008,11.873210,7.709677
-11.646008,12.955150,7.709677
-11.646008,14.037090,9.438523
-11.646008,15.119030,9.438523
-11.646008,16.200970,43.896923
-11.646008,17.282910,43.896923
-11.646008,18.364850,43.896923
-11.646008,19.446790,43.896923
-11.646008,20.528730,43.896923
-11.646008,21.610670,43.896923
-11.646008,22.692610,43.896923
-11.646008,23.774550,43.896923
-11.646008,24.856490,43.896923
-11.646008,25.938430,43.896923
-10.603312,-27.076630,43.896923
-10.603312,-25.994690,43.896923
-10.603312,-24.912750,43.896923
-10.603312,-23.830810,43.896923
-10.603312,-22.748870,9.438523
-10.603312,-21.666930,43.896923
-10.603312,-20.584990,43.896923
-10.603312,-19.503050,9.438523
-10.603312,-18.421110,43.896923
-10.603312,-17.339170,7.709677
-10.603312,-16.257230,43.896923
-10.603312,-15.175290,9.438523
-10.603312,-14.093350,5.424265
-10.603312,-13.011410,7.709677
-10.603312,-11.929470,7.709677
-10.603312,-10.847530,7.709677
-10.603312,-9.765590,9.438523
-10.603312,-8.683650,3.958208
-10.603312,-7.601710,4.969519
-10.603312,-6.519770,5.424265
-10.603312,-5.437830,3.240671
-10.603312,-4.355890,4.251982
-10.603312,-3.273950,4.251982
-10.603312,-2.192010,3.457695
-10.603312,-1.110070,2.229360
-10.603312,-0.028130,2.371925
-10.603312,1.053810,3.041029
-10.603312,2.135750,2.856189
-10.603312,3.217690,2.523135
-10.603312,4.299630,3.240671
-10.603312,5.381570,2.523135
-10.603312,6.463510,3.958208
-10.603312,7.545450,4.585036
-10.603312,8.627390,5.980830
-10.603312,9.709330,6.698366
-10.603312,10.791270,4.969519
-10.603312,11.873210,6.698366
-10.603312,12.955150,9.438523
-10.603312,14.037090,7.709677
-10.603312,15.119030,43.896923
-10.603312,16.200970,9.438523
-10.603312,17.282910,43.896923
-10.603312,18.364850,43.896923
-10.603312,19.446790,43.896923
-10.603312,20.528730,43.896923
-10.603312,21.610670,43.896923
-10.603312,22.692610,43.896923
-10.603312,23.774550,43.896923
-10.603312,24.856490,43.896923
-10.603312,25.938430,43.896923
-9.560616,-27.076630,43.896923
-9.560616,-25.994690,43.896923
-9.560616,-24.912750,43.896923
-9.560616,-23.830810,43.896923
-9.560616,-22.748870,9.438523
-9.560616,-21.666930,43.896923
-9.560616,-20.584990,43.896923
-9.560616,-19.503050,43.896923
-9.560616,-18.421110,7.709677
-9.560616,-17.339170,7.709677
-9.560616,-16.257230,7.709677
-9.560616,-15.175290,9.438523
-9.560616,-14.093350,9.438523
-9.560616,-13.011410,43.896923
-9.560616,-11.929470,9.438523
-9.560616,-10.847530,7.709677
-9.560616,-9.765590,5.980830
-9.560616,-8.683650,5.424265
-9.560616,-7.601710,5.424265
-9.560616,-6.519770,3.695418
-9.560616,-5.437830,3.240671
-9.560616,-4.355890,3.457695
-9.560616,-3.273950,2.856189
-9.560616,-2.192010,2.684107
-9.560616,-1.110070,2.094506
-9.560616,-0.028130,1.966570
-9.560616,1.053810,2.229360
-9.560616,2.135750,1.728848
-9.560616,3.217690,2.371925
-9.560616,4.299630,2.094506
-9.560616,5.381570,2.684107
-9.560616,6.463510,3.457695
-9.560616,7.545450,3.041029
-9.560616,8.627390,4.585036
-9.560616,9.709330,5.980830
-9.560616,10.791270,9.438523
-9.560616,11.873210,5.980830
-9.560616,12.955150,43.896923
-9.560616,14.037090,6.698366
-9.560616,15.119030,43.896923
-9.560616,16.200970,43.896923
-9.560616,17.282910,43.896923
-9.560616,18.364850,43.896923
-9.560616,19.446790,9.438523
-9.560616,20.528730,43.896923
-9.560616,21.610670,43.896923
-9.560616,22.692610,43.896923
-9.560616,23.774550,43.896923
-9.560616,24.856490,43.896923
-9.560616,25.938430,43.896923
-8.517920,-27.076630,43.896923
-8.517920,-25.994690,43.896923
-8.517920,-24.912750,43.896923
-8.517920,-23.830810,43.896923
-8.517920,-22.748870,43.896923
-8.517920,-21.666930,43.896923
-8.517920,-20.584990,43.896923
-8.517920,-19.503050,43.896923
-8.517920,-18.421110,43.896923
-8.517920,-17.339170,43.896923
-8.517920,-16.257230,9.438523
-8.517920,-15.175290,6.698366
-8.517920,-14.093350,43.896923
-8.517920,-13.011410,9.438523
-8.517920,-11.929470,7.709677
-8.517920,-10.847530,5.424265
-8.517920,-9.765590,6.698366
-8.517920,-8.683650,6.698366
-8.517920,-7.601710,4.585036
-8.517920,-6.519770,4.251982
-8.517920,-5.437830,2.523135
-8.517920,-4.355890,3.240671
-8.517920,-3.273950,1.511824
-8.517920,-2.192010,2.229360
-8.517920,-1.110070,3.041029
-8.517920,-0.028130,2.371925
-8.517920,1.053810,0.717537
-8.517920,2.135750,1.218049
-8.517920,3.217690,2.229360
-8.517920,4.299630,1.844878
-8.517920,5.381570,3.240671
-8.517920,6.463510,3.695418
-8.517920,7.545450,3.240671
-8.517920,8.627390,5.424265
-8.517920,9.709330,5.424265
-8.517920,10.791270,7.709677
-8.517920,11.873210,4.969519
-8.517920,12.955150,9.438523
-8.517920,14.037090,9.438523
-8.517920,15.119030,43.896923
-8.517920,16.200970,9.438523
-8.517920,17.282910,7.709677
-8.517920,18.364850,9.438523
-8.517920,19.446790,9.438523
-8.517920,20.528730,43.896923
-8.517920,21.610670,43.896923
-8.517920,22.692610,43.896923
-8.517920,23.774550,43.896923
-8.517920,24.856490,43.896923
-8.517920,25.938430,43.896923
-7.475224,-27.076630,43.896923
-7.475224,-25.994690,43.896923
-7.475224,-24.912750,43.896923
-7.475224,-23.830810,43.896923
-7.475224,-22.748870,43.896923
-7.475224,-21.666930,43.896923
-7.475224,-20.584990,43.896923
-7.475224,-19.503050,43.896923
-7.475224,-18.421110,43.896923
-7.475224,-17.339170,43.896923
-7.475224,-16.257230,9.438523
-7.475224,-15.175290,9.438523
-7.475224,-14.093350,6.698366
-7.475224,-13.011410,9.438523
-7.475224,-11.929470,4.969519
-7.475224,-10.847530,6.698366
-7.475224,-9.765590,6.698366
-7.475224,-8.683650,4.969519
-7.475224,-7.601710,4.585036
-7.475224,-6.519770,3.041029
-7.475224,-5.437830,2.523135
-7.475224,-4.355890,2.094506
-7.475224,-3.273950,2.684107
-7.475224,-2.192010,0.873475
-7.475224,-1.110070,1.039816
-7.475224,-0.028130,0.873475
-7.475224,1.053810,0.432174
-7.475224,2.135750,0.570777
-7.475224,3.217690,0.873475
-7.475224,4.299630,1.966570
-7.475224,5.381570,2.229360
-7.475224,6.463510,2.856189
-7.475224,7.545450,2.856189
-7.475224,8.627390,3.240671
-7.475224,9.709330,3.457695
-7.475224,10.791270,5.980830
-7.475224,11.873210,3.958208
-7.475224,12.955150,43.896923
-7.475224,14.037090,5.424265
-7.475224,15.119030,43.896923
-7.475224,16.200970,9.438523
-7.475224,17.282910,43.896923
-7.475224,18.364850,9.438523
-7.475224,19.446790,43.896923
-7.475224,20.528730,43.896923
-7.475224,21.610670,43.896923
-7.475224,22.692610,43.896923
-7.475224,23.774550,43.896923
-7.475224,24.856490,43.896923
-7.475224,25.938430,43.896923
-6.432528,-27.076630,43.896923
-6.432528,-25.994690,43.896923
-6.432528,-24.912750,43.896923
-6.432528,-23.830810,43.896923
-6.432528,-22.748870,43.896923
-6.432528,-21.666930,43.896923
-6.432528,-20.584990,43.896923
-6.432528,-19.503050,43.896923
-6.432528,-18.421110,7.709677
-6.432528,-17.339170,43.896923
-6.432528,-16.257230,9.438523
-6.432528,-15.175290,9.438523
-6.432528,-14.093350,7.709677
-6.432528,-13.011410,4.969519
-6.432528,-11.929470,5.424265
-6.432528,-10.847530,5.980830
-6.432528,-9.765590,5.424265
-6.432528,-8.683650,5.424265
-6.432528,-7.601710,9.438523
-6.432528,-6.519770,4.585036
-6.432528,-5.437830,3.958208
-6.432528,-4.355890,4.251982
-6.432528,-3.273950,2.523135
-6.432528,-2.192010,1.039816
-6.432528,-1.110070,0.955259
-6.432528,-0.028130,0.955259
-6.432528,1.053810,0.570777
-6.432528,2.135750,0.000000
-6.432528,3.217690,0.955259
-6.432528,4.299630,0.794287
-6.432528,5.381570,2.229360
-6.432528,6.463510,3.457695
-6.432528,7.545450,2.523135
-6.432528,8.627390,3.695418
-6.432528,9.709330,3.240671
-6.432528,10.791270,3.240671
-6.432528,11.873210,3.958208
-6.432528,12.955150,7.709677
-6.432528,14.037090,6.698366
-6.432528,15.119030,6.698366
-6.432528,16.200970,7.709677
-6.432528,17.282910,9.438523
-6.432528,18.364850,43.896923
-6.432528,19.446790,43.896923
-6.432528,20.528730,43.896923
-6.432528,21.610670,43.896923
-6.432528,22.692610,43.896923
-6.432528,23.774550,43.896923
-6.432528,24.856490,43.896923
-6.432528,25.938430,43.896923
-5.389832,-27.076630,43.896923
-5.389832,-25.994690,43.896923
-5.389832,-24.912750,43.896923
-5.389832,-23.830810,43.896923
-5.389832,-22.748870,43.896923
-5.389832,-21.666930,43.896923
-5.389832,-20.584990,43.896923
-5.389832,-19.503050,43.896923
-5.389832,-18.421110,43.896923
-5.389832,-17.339170,9.438523
-5.389832,-16.257230,43.896923
-5.389832,-15.175290,9.438523
-5.389832,-14.093350,7.709677
-5.389832,-13.011410,43.896923
-5.389832,-11.929470,9.438523
-5.389832,-10.847530,6.698366
-5.389832,-9.765590,6.698366
-5.389832,-8.683650,3.695418
-5.389832,-7.601710,3.958208
-5.389832,-6.519770,2.856189
-5.389832,-5.437830,2.684107
-5.389832,-4.355890,2.229360
-5.389832,-3.273950,1.617976
-5.389832,-2.192010,0.237723
-5.389832,-1.110070,0.643077
-5.389832,-0.028130,0.643077
-5.389832,1.053810,0.432174
-5.389832,2.135750,0.000000
-5.389832,3.217690,1.511824
-5.389832,4.299630,2.371925
-5.389832,5.381570,1.728848
-5.389832,6.463510,2.684107
-5.389832,7.545450,2.371925
-5.389832,8.627390,2.684107
-5.389832,9.709330,3.958208
-5.389832,10.791270,4.251982
-5.389832,11.873210,4.251982
-5.389832,12.955150,4.969519
-5.389832,14.037090,5.424265
-5.389832,15.119030,7.709677
-5.389832,16.200970,5.980830
-5.389832,17.282910,9.438523
-5.389832,18.364850,43.896923
-5.389832,19.446790,9.438523
-5.389832,20.528730,43.896923
-5.389832,21.610670,43.896923
-5.389832,22.692610,43.896923
-5.389832,23.774550,43.896923
-5.389832,24.856490,43.896923
-5.389832,25.938430,43.896923
-4.347136,-27.076630,43.896923
-4.347136,-25.994690,43.896923
-4.347136,-24.912750,43.896923
-4.347136,-23.830810,43.896923
-4.347136,-22.748870,43.896923
-4.347136,-21.666930,43.896923
-4.347136,-20.584990,43.896923
-4.347136,-19.503050,43.896923
-4.347136,-18.421110,43.896923
-4.347136,-17.339170,9.438523
-4.347136,-16.257230,9.438523
-4.347136,-15.175290,43.896923
-4.347136,-14.093350,6.698366
-4.347136,-13.011410,6.698366
-4.347136,-11.929470,5.980830
-4.347136,-10.847530,4.251982
-4.347136,-9.765590,5.980830
-4.347136,-8.683650,6.698366
-4.347136,-7.601710,3.240671
-4.347136,-6.519770,4.251982
-4.347136,-5.437830,3.958208
-4.347136,-4.355890,1.728848
-4.347136,-3.273950,1.728848
-4.347136,-2.192010,1.966570
-4.347136,-1.110070,1.617976
-4.347136,-0.028130,1.410006
-4.347136,1.053810,1.218049
-4.347136,2.135750,1.039816
-4.347136,3.217690,0.794287
-4.347136,4.299630,1.511824
-4.347136,5.381570,1.410006
-4.347136,6.463510,0.955259
-4.347136,7.545450,2.371925
-4.347136,8.627390,2.684107
-4.347136,9.709330,3.695418
-4.347136,10.791270,4.251982
-4.347136,11.873210,3.958208
-4.347136,12.955150,3.695418
-4.347136,14.037090,4.969519
-4.347136,15.119030,5.980830
-4.347136,16.200970,4.969519
-4.347136,17.282910,7.709677
-4.347136,18.364850,7.709677
-4.347136,19.446790,43.896923
-4.347136,20.528730,43.896923
-4.347136,21.610670,43.896923
-4.347136,22.692610,43.896923
-4.347136,23.774550,43.896923
-4.347136,24.856490,43.896923
-4.347136,25.938430,43.896923
-3.304440,-27.076630,43.896923
-3.304440,-25.994690,43.896923
-3.304440,-24.912750,43.896923
-3.304440,-23.830810,43.896923
-3.304440,-22.748870,43.896923
-3.304440,-21.666930,43.896923
-3.304440,-20.584990,9.438523
-3.304440,-19.503050,43.896923
-3.304440,-18.421110,43.896923
-3.304440,-17.339170,43.896923
-3.304440,-16.257230,7.709677
-3.304440,-15.175290,43.896923
-3.304440,-14.093350,7.709677
-3.304440,-13.011410,6.698366
-3.304440,-11.929470,9.438523
-3.304440,-10.847530,9.438523
-3.304440,-9.765590,4.585036
-3.304440,-8.683650,5.424265
-3.304440,-7.601710,4.585036
-3.304440,-6.519770,4.585036
-3.304440,-5.437830,3.958208
-3.304440,-4.355890,3.457695
-3.304440,-3.273950,4.251982
-3.304440,-2.192010,3.958208
-3.304440,-1.110070,1.617976
-3.304440,-0.028130,2.094506
-3.304440,1.053810,1.218049
-3.304440,2.135750,2.523135
-3.304440,3.217690,3.240671
-3.304440,4.299630,1.966570
-3.304440,5.381570,2.094506
-3.304440,6.463510,3.240671
-3.304440,7.545450,3.457695
-3.304440,8.627390,1.844878
-3.304440,9.709330,2.371925
-3.304440,10.791270,2.684107
-3.304440,11.873210,2.371925
-3.304440,12.955150,3.695418
-3.304440,14.037090,3.457695
-3.304440,15.119030,4.969519
-3.304440,16.200970,4.969519
-3.304440,17.282910,5.980830
-3.304440,18.364850,7.709677
-3.304440,19.446790,43.896923
-3.304440,20.528730,43.896923
-3.304440,21.610670,43.896923
-3.304440,22.692610,43.896923
-3.304440,23.774550,43.896923
-3.304440,24.856490,43.896923
-3.304440,25.938430,43.896923
-2.261744,-27.076630,43.896923
-2.261744,-25.994690,43.896923
-2.261744,-24.912750,43.896923
-2.261744,-23.830810,43.896923
-2.261744,-22.748870,43.896923
-2.261744,-21.666930,43.896923
-2.261744,-20.584990,43.896923
-2.261744,-19.503050,43.896923
-2.261744,-18.421110,43.896923
-2.261744,-17.339170,43.896923
-2.261744,-16.257230,7.709677
-2.261744,-15.175290,43.896923
-2.261744,-14.093350,5.980830
-2.261744,-13.011410,9.438523
-2.261744,-11.929470,9.438523
-2.261744,-10.847530,6.698366
-2.261744,-9.765590,6.698366
-2.261744,-8.683650,4.585036
-2.261744,-7.601710,6.698366
-2.261744,-6.519770,5.980830
-2.261744,-5.437830,4.251982
-2.261744,-4.355890,5.424265
-2.261744,-3.273950,5.424265
-2.261744,-2.192010,3.240671
-2.261744,-1.110070,2.371925
-2.261744,-0.028130,3.457695
-2.261744,1.053810,1.844878
-2.261744,2.135750,2.856189
-2.261744,3.217690,2.094506
-2.261744,4.299630,2.684107
-2.261744,5.381570,2.229360
-2.261744,6.463510,3.695418
-2.261744,7.545450,3.041029
-2.261744,8.627390,3.240671
-2.261744,9.709330,3.958208
-2.261744,10.791270,1.966570
-2.261744,11.873210,3.041029
-2.261744,12.955150,3.958208
-2.261744,14.037090,5.980830
-2.261744,15.119030,4.251982
-2.261744,16.200970,4.969519
-2.261744,17.282910,5.980830
-2.261744,18.364850,6.698366
-2.261744,19.446790,9.438523
-2.261744,20.528730,7.709677
-2.261744,21.610670,43.896923
-2.261744,22.692610,43.896923
-2.261744,23.774550,43.896923
-2.261744,24.856490,43.896923
-2.261744,25.938430,43.896923
-1.219048,-27.076630,43.896923
-1.219048,-25.994690,43.896923
-1.219048,-24.912750,43.896923
-1.219048,-23.830810,43.896923
-1.219048,-22.748870,43.896923
-1.219048,-21.666930,43.896923
-1.219048,-20.584990,43.896923
-1.219048,-19.503050,43.896923
-1.219048,-18.421110,9.438523
-1.219048,-17.339170,43.896923
-1.219048,-16.257230,9.438523
-1.219048,-15.175290,43.896923
-1.219048,-14.093350,9.438523
-1.219048,-13.011410,9.438523
-1.219048,-11.929470,43.896923
-1.219048,-10.847530,6.698366
-1.219048,-9.765590,6.698366
-1.219048,-8.683650,5.980830
-1.219048,-7.601710,6.698366
-1.219048,-6.519770,5.424265
-1.219048,-5.437830,5.424265
-1.219048,-4.355890,4.585036
-1.219048,-3.273950,3.958208
-1.219048,-2.192010,3.041029
-1.219048,-1.110070,3.457695
-1.219048,-0.028130,3.457695
-1.219048,1.053810,3.240671
-1.219048,2.135750,3.041029
-1.219048,3.217690,3.695418
-1.219048,4.299630,5.424265
-1.219048,5.381570,3.457695
-1.219048,6.463510,4.251982
-1.219048,7.545450,3.457695
-1.219048,8.627390,3.457695
-1.219048,9.709330,1.844878
-1.219048,10.791270,3.041029
-1.219048,11.873210,3.457695
-1.219048,12.955150,4.251982
-1.219048,14.037090,5.424265
-1.219048,15.119030,5.980830
-1.219048,16.200970,4.969519
-1.219048,17.282910,5.424265
-1.219048,18.364850,5.424265
-1.219048,19.446790,9.438523
-1.219048,20.528730,43.896923
-1.219048,21.610670,43.896923
-1.219048,22.692610,43.896923
-1.219048,23.774550,43.896923
-1.219048,24.856490,43.896923
-1.219048,25.938430,43.896923
-0.176352,-27.076630,43.896923
-0.176352,-25.994690,43.896923
-0.176352,-24.912750,43.896923
-0.176352,-23.830810,43.896923
-0.176352,-22.748870,43.896923
-0.176352,-21.666930,43.896923
-0.176352,-20.584990,43.896923
-0.176352,-19.503050,43.896923
-0.176352,-18.421110,43.896923
-0.176352,-17.339170,43.896923
-0.176352,-16.257230,43.896923
-0.176352,-15.175290,43.896923
-0.176352,-14.093350,9.438523
-0.176352,-13.011410,9.438523
-0.176352,-11.929470,43.896923
-0.176352,-10.847530,7.709677
-0.176352,-9.765590,9.438523
-0.176352,-8.683650,43.896923
-0.176352,-7.601710,6.698366
-0.176352,-6.519770,5.980830
-0.176352,-5.437830,43.896923
-0.176352,-4.355890,7.709677
-0.176352,-3.273950,4.585036
-0.176352,-2.192010,5.980830
-0.176352,-1.110070,4.585036
-0.176352,-0.028130,9.438523
-0.176352,1.053810,4.251982
-0.176352,2.135750,4.585036
-0.176352,3.217690,7.709677
-0.176352,4.299630,3.457695
-0.176352,5.381570,4.251982
-0.176352,6.463510,4.585036
-0.176352,7.545450,4.251982
-0.176352,8.627390,3.695418
-0.176352,9.709330,3.695418
-0.176352,10.791270,3.240671
-0.176352,11.873210,3.457695
-0.176352,12.955150,2.856189
-0.176352,14.037090,3.041029
-0.176352,15.119030,3.457695
-0.176352,16.200970,4.251982
-0.176352,17.282910,4.969519
-0.176352,18.364850,4.585036
-0.176352,19.446790,4.969519
-0.176352,20.528730,9.438523
-0.176352,21.610670,7.709677
-0.176352,22.692610,43.896923
-0.176352,23.774550,43.896923
-0.176352,24.856490,43.896923
-0.176352,25.938430,43.896923
0.866344,-27.076630,43.896923
0.866344,-25.994690,43.896923
0.866344,-24.912750,43.896923
0.866344,-23.830810,43.896923
0.866344,-22.748870,43.896923
0.866344,-21.666930,43.896923
0.866344,-20.584990,43.896923
0.866344,-19.503050,43.896923
0.866344,-18.421110,43.896923
0.866344,-17.339170,43.896923
0.866344,-16.257230,9.438523
0.866344,-15.175290,9.438523
0.866344,-14.093350,7.709677
0.866344,-13.011410,43.896923
0.866344,-11.929470,43.896923
0.866344,-10.847530,9.438523
0.866344,-9.765590,43.896923
0.866344,-8.683650,43.896923
0.866344,-7.601710,5.980830
0.866344,-6.519770,6.698366
0.866344,-5.437830,43.896923
0.866344,-4.355890,7.709677
0.866344,-3.273950,4.969519
0.866344,-2.192010,6.698366
0.866344,-1.110070,5.424265
0.866344,-0.028130,9.438523
0.866344,1.053810,4.585036
0.866344,2.135750,5.980830
0.866344,3.217690,6.698366
0.866344,4.299630,5.980830
0.866344,5.381570,3.240671
0.866344,6.463510,2.856189
0.866344,7.545450,4.251982
0.866344,8.627390,3.240671
0.866344,9.709330,3.240671
0.866344,10.791270,2.229360
0.866344,11.873210,3.695418
0.866344,12.955150,3.041029
0.866344,14.037090,3.457695
0.866344,15.119030,3.240671
0.866344,16.200970,2.229360
0.866344,17.282910,4.585036
0.866344,18.364850,3.958208
0.866344,19.446790,5.980830
0.866344,20.528730,5.424265
0.866344,21.610670,9.438523
0.866344,22.692610,6.698366
0.866344,23.774550,7.709677
0.866344,24.856490,9.438523
0.866344,25.938430,43.896923
1.909040,-27.076630,43.896923
1.909040,-25.994690,43.896923
1.909040,-24.912750,43.896923
1.909040,-23.830810,43.896923
1.909040,-22.748870,43.896923
1.909040,-21.666930,43.896923
1.909040,-20.584990,43.896923
1.909040,-19.503050,43.896923
1.909040,-18.421110,43.896923
1.909040,-17.339170,43.896923
1.909040,-16.257230,43.896923
1.909040,-15.175290,43.896923
1.909040,-14.093350,43.896923
1.909040,-13.011410,9.438523
1.909040,-11.929470,43.896923
1.909040,-10.847530,9.438523
1.909040,-9.765590,9.438523
1.909040,-8.683650,9.438523
1.909040,-7.601710,9.438523
1.909040,-6.519770,7.709677
1.909040,-5.437830,9.438523
1.909040,-4.355890,7.709677
1.909040,-3.273950,5.980830
1.909040,-2.192010,7.709677
1.909040,-1.110070,6.698366
1.909040,-0.028130,4.969519
1.909040,1.053810,4.251982
1.909040,2.135750,4.969519
1.909040,3.217690,4.969519
1.909040,4.299630,4.585036
1.909040,5.381570,3.041029
1.909040,6.463510,2.523135
1.909040,7.545450,3.240671
1.909040,8.627390,2.229360
1.909040,9.709330,5.424265
1.909040,10.791270,2.229360
1.909040,11.873210,2.523135
1.909040,12.955150,3.240671
1.909040,14.037090,3.240671
1.909040,15.119030,3.695418
1.909040,16.200970,2.684107
1.909040,17.282910,4.251982
1.909040,18.364850,2.856189
1.909040,19.446790,4.585036
1.909040,20.528730,5.424265
1.909040,21.610670,43.896923
1.909040,22.692610,43.896923
1.909040,23.774550,9.438523
1.909040,24.856490,9.438523
1.909040,25.938430,9.438523
2.951736,-27.076630,43.896923
2.951736,-25.994690,43.896923
2.951736,-24.912750,43.896923
2.951736,-23.830810,43.896923
2.951736,-22.748870,43.896923
2.951736,-21.666930,43.896923
2.951736,-20.584990,43.896923
2.951736,-19.503050,43.896923
2.951736,-18.421110,43.896923
2.951736,-17.339170,43.896923
2.951736,-16.257230,43.896923
2.951736,-15.175290,43.896923
2.951736,-14.093350,43.896923
2.951736,-13.011410,9.438523
2.951736,-11.929470,43.896923
2.951736,-10.847530,9.438523
2.951736,-9.765590,9.438523
2.951736,-8.683650,9.438523
2.951736,-7.601710,43.896923
2.951736,-6.519770,43.896923
2.951736,-5.437830,9.438523
2.951736,-4.355890,4.969519
2.951736,-3.273950,4.585036
2.951736,-2.192010,3.958208
2.951736,-1.110070,4.251982
2.951736,-0.028130,7.709677
2.951736,1.053810,3.958208
2.951736,2.135750,4.969519
2.951736,3.217690,3.695418
2.951736,4.299630,2.684107
2.951736,5.381570,4.251982
2.951736,6.463510,3.958208
2.951736,7.545450,2.094506
2.951736,8.627390,2.371925
2.951736,9.709330,2.684107
2.951736,10.791270,2.523135
2.951736,11.873210,2.856189
2.951736,12.955150,2.229360
2.951736,14.037090,3.457695
2.951736,15.119030,1.728848
2.951736,16.200970,2.856189
2.951736,17.282910,2.684107
2.951736,18.364850,4.251982
2.951736,19.446790,4.969519
2.951736,20.528730,5.424265
2.951736,21.610670,5.424265
2.951736,22.692610,6.698366
2.951736,23.774550,43.896923
2.951736,24.856490,43.896923
2.951736,25.938430,43.896923
3.994432,-27.076630,43.896923
3.994432,-25.994690,43.896923
3.994432,-24.912750,43.896923
3.994432,-23.830810,43.896923
3.994432,-22.748870,43.896923
3.994432,-21.666930,43.896923
3.994432,-20.584990,43.896923
3.994432,-19.503050,43.896923
3.994432,-18.421110,43.896923
3.994432,-17.339170,43.896923
3.994432,-16.257230,43.896923
3.994432,-15.175290,43.896923
3.994432,-14.093350,43.896923
3.994432,-13.011410,43.896923
3.994432,-11.929470,43.896923
3.994432,-10.847530,9.438523
3.994432,-9.765590,43.896923
3.994432,-8.683650,9.438523
3.994432,-7.601710,9.438523
3.994432,-6.519770,7.709677
3.994432,-5.437830,7.709677
3.994432,-4.355890,9.438523
3.994432,-3.273950,5.424265
3.994432,-2.192010,6.698366
3.994432,-1.110070,4.969519
3.994432,-0.028130,3.240671
3.994432,1.053810,3.457695
3.994432,2.135750,3.041029
3.994432,3.217690,3.958208
3.994432,4.299630,5.424265
3.994432,5.381570,3.695418
3.994432,6.463510,3.695418
3.994432,7.545450,3.958208
3.994432,8.627390,2.523135
3.994432,9.709330,2.523135
3.994432,10.791270,3.457695
3.994432,11.873210,2.229360
3.994432,12.955150,2.523135
3.994432,14.037090,2.523135
3.994432,15.119030,2.684107
3.994432,16.200970,2.523135
3.994432,17.282910,2.684107
3.994432,18.364850,3.695418
3.994432,19.446790,5.424265
3.994432,20.528730,4.969519
3.994432,21.610670,9.438523
3.994432,22.692610,5.980830
3.994432,23.774550,5.980830
3.994432,24.856490,43.896923
3.994432,25.938430,43.896923
5.037128,-27.076630,43.896923
5.037128,-25.994690,43.896923
5.037128,-24.912750,43.896923
5.037128,-23.830810,43.896923
5.037128,-22.748870,43.896923
5.037128,-21.666930,43.896923
5.037128,-20.584990,43.896923
5.037128,-19.503050,43.896923
5.037128,-18.421110,43.896923
5.037128,-17.339170,43.896923
5.037128,-16.257230,43.896923
5.037128,-15.175290,43.896923
5.037128,-14.093350,43.896923
5.037128,-13.011410,9.438523
5.037128,-11.929470,43.896923
5.037128,-10.847530,9.438523
5.037128,-9.765590,43.896923
5.037128,-8.683650,9.438523
5.037128,-7.601710,6.698366
5.037128,-6.519770,43.896923
5.037128,-5.437830,7.709677
5.037128,-4.355890,4.969519
5.037128,-3.273950,7.709677
5.037128,-2.192010,7.709677
5.037128,-1.110070,4.969519
5.037128,-0.028130,4.585036
5.037128,1.053810,4.251982
5.037128,2.135750,3.041029
5.037128,3.217690,4.585036
5.037128,4.299630,6.698366
5.037128,5.381570,3.240671
5.037128,6.463510,3.041029
5.037128,7.545450,3.240671
5.037128,8.627390,3.240671
5.037128,9.709330,2.684107
5.037128,10.791270,4.251982
5.037128,11.873210,2.523135
5.037128,12.955150,3.695418
5.037128,14.037090,3.457695
5.037128,15.119030,3.457695
5.037128,16.200970,4.251982
5.037128,17.282910,4.585036
5.037128,18.364850,3.240671
5.037128,19.446790,4.969519
5.037128,20.528730,5.424265
5.037128,21.610670,9.438523
5.037128,22.692610,5.980830
5.037128,23.774550,43.896923
5.037128,24.856490,9.438523
5.037128,25.938430,6.698366
6.079824,-27.076630,43.896923
6.079824,-25.994690,43.896923
6.079824,-24.912750,43.896923
6.079824,-23.830810,43.896923
6.079824,-22.748870,43.896923
6.079824,-21.666930,43.896923
6.079824,-20.584990,43.896923
6.079824,-19.503050,43.896923
6.079824,-18.421110,43.896923
6.079824,-17.339170,43.896923
6.079824,-16.257230,43.896923
6.079824,-15.175290,7.709677
6.079824,-14.093350,43.896923
6.079824,-13.011410,43.896923
6.079824,-11.929470,6.698366
6.079824,-10.847530,7.709677
6.079824,-9.765590,7.709677
6.079824,-8.683650,6.698366
6.079824,-7.601710,4.969519
6.079824,-6.519770,7.709677
6.079824,-5.437830,4.585036
6.079824,-4.355890,4.585036
6.079824,-3.273950,3.457695
6.079824,-2.192010,5.424265
6.079824,-1.110070,4.251982
6.079824,-0.028130,5.980830
6.079824,1.053810,4.251982
6.079824,2.135750,3.958208
6.079824,3.217690,3.958208
6.079824,4.299630,4.251982
6.079824,5.381570,3.457695
6.079824,6.463510,5.980830
6.079824,7.545450,2.371925
6.079824,8.627390,5.424265
6.079824,9.709330,3.695418
6.079824,10.791270,4.585036
6.079824,11.873210,3.695418
6.079824,12.955150,3.695418
6.079824,14.037090,3.695418
6.079824,15.119030,6.698366
6.079824,16.200970,5.424265
6.079824,17.282910,4.969519
6.079824,18.364850,4.585036
6.079824,19.446790,5.980830
6.079824,20.528730,6.698366
6.079824,21.610670,9.438523
6.079824,22.692610,43.896923
6.079824,23.774550,6.698366
6.079824,24.856490,7.709677
6.079824,25.938430,43.896923
7.122520,-27.076630,43.896923
7.122520,-25.994690,43.896923
7.122520,-24.912750,43.896923
7.122520,-23.830810,43.896923
7.122520,-22.748870,43.896923
7.122520,-21.666930,43.896923
7.122520,-20.584990,43.896923
7.122520,-19.503050,43.896923
7.122520,-18.421110,43.896923
7.122520,-17.339170,43.896923
7.122520,-16.257230,7.709677
7.122520,-15.175290,7.709677
7.122520,-14.093350,9.438523
7.122520,-13.011410,9.438523
7.122520,-11.929470,4.251982
7.122520,-10.847530,43.896923
7.122520,-9.765590,5.980830
7.122520,-8.683650,4.251982
7.122520,-7.601710,2.371925
7.122520,-6.519770,3.240671
7.122520,-5.437830,4.251982
7.122520,-4.355890,3.695418
7.122520,-3.273950,4.251982
7.122520,-2.192010,5.424265
7.122520,-1.110070,3.041029
7.122520,-0.028130,3.695418
7.122520,1.053810,3.457695
7.122520,2.135750,4.969519
7.122520,3.217690,3.958208
7.122520,4.299630,5.424265
7.122520,5.381570,5.980830
7.122520,6.463510,4.585036
7.122520,7.545450,4.969519
7.122520,8.627390,4.969519
7.122520,9.709330,4.251982
7.122520,10.791270,7.709677
7.122520,11.873210,3.958208
7.122520,12.955150,7.709677
7.122520,14.037090,4.969519
7.122520,15.119030,5.424265
7.122520,16.200970,6.698366
7.122520,17.282910,6.698366
7.122520,18.364850,5.424265
7.122520,19.446790,4.585036
7.122520,20.528730,6.698366
7.122520,21.610670,7.709677
7.122520,22.692610,9.438523
7.122520,23.774550,9.438523
7.122520,24.856490,43.896923
7.122520,25.938430,43.896923
8.165216,-27.076630,43.896923
8.165216,-25.994690,43.896923
8.165216,-24.912750,43.896923
8.165216,-23.830810,43.896923
8.165216,-22.748870,43.896923
8.165216,-21.666930,43.896923
8.165216,-20.584990,43.896923
8.165216,-19.503050,43.896923
8.165216,-18.421110,43.896923
8.165216,-17.339170,9.438523
8.165216,-16.257230,43.896923
8.165216,-15.175290,6.698366
8.165216,-14.093350,43.896923
8.165216,-13.011410,6.698366
8.165216,-11.929470,3.457695
8.165216,-10.847530,4.251982
8.165216,-9.765590,3.958208
8.165216,-8.683650,3.958208
8.165216,-7.601710,3.695418
8.165216,-6.519770,1.728848
8.165216,-5.437830,2.094506
8.165216,-4.355890,1.728848
8.165216,-3.273950,2.856189
8.165216,-2.192010,2.229360
8.165216,-1.110070,4.251982
8.165216,-0.028130,3.695418
8.165216,1.053810,4.969519
8.165216,2.135750,4.585036
8.165216,3.217690,5.980830
8.165216,4.299630,5.980830
8.165216,5.381570,5.980830
8.165216,6.463510,5.980830
8.165216,7.545450,4.585036
8.165216,8.627390,7.709677
8.165216,9.709330,5.424265
8.165216,10.791270,5.980830
8.165216,11.873210,43.896923
8.165216,12.955150,6.698366
8.165216,14.037090,6.698366
8.165216,15.119030,5.980830
8.165216,16.200970,9.438523
8.165216,17.282910,9.438523
8.165216,18.364850,9.438523
8.165216,19.446790,9.438523
8.165216,20.528730,43.896923
8.165216,21.610670,43.896923
8.165216,22.692610,43.896923
8.165216,23.774550,43.896923
8.165216,24.856490,43.896923
8.165216,25.938430,43.896923
9.207912,-27.076630,43.896923
9.207912,-25.994690,43.896923
9.207912,-24.912750,43.896923
9.207912,-23.830810,43.896923
9.207912,-22.748870,43.896923
9.207912,-21.666930,43.896923
9.207912,-20.584990,43.896923
9.207912,-19.503050,43.896923
9.207912,-18.421110,43.896923
9.207912,-17.339170,43.896923
9.207912,-16.257230,43.896923
9.207912,-15.175290,9.438523
9.207912,-14.093350,7.709677
9.207912,-13.011410,7.709677
9.207912,-11.929470,4.585036
9.207912,-10.847530,2.523135
9.207912,-9.765590,2.371925
9.207912,-8.683650,2.523135
9.207912,-7.601710,2.371925
9.207912,-6.519770,1.410006
9.207912,-5.437830,0.955259
9.207912,-4.355890,1.844878
9.207912,-3.273950,1.617976
9.207912,-2.192010,2.094506
9.207912,-1.110070,2.371925
9.207912,-0.028130,2.856189
9.207912,1.053810,2.684107
9.207912,2.135750,4.251982
9.207912,3.217690,4.969519
9.207912,4.299630,5.424265
9.207912,5.381570,4.969519
9.207912,6.463510,9.438523
9.207912,7.545450,6.698366
9.207912,8.627390,5.424265
9.207912,9.709330,9.438523
9.207912,10.791270,9.438523
9.207912,11.873210,43.896923
9.207912,12.955150,43.896923
9.207912,14.037090,7.709677
9.207912,15.119030,43.896923
9.207912,16.200970,43.896923
9.207912,17.282910,43.896923
9.207912,18.364850,43.896923
9.207912,19.446790,43.896923
9.207912,20.528730,43.896923
9.207912,21.610670,9.438523
9.207912,22.692610,43.896923
9.207912,23.774550,43.896923
9.207912,24.856490,43.896923
9.207912,25.938430,43.896923
10.250608,-27.076630,43.896923
10.250608,-25.994690,43.896923
10.250608,-24.912750,43.896923
10.250608,-23.830810,43.896923
10.250608,-22.748870,43.896923
10.250608,-21.666930,43.896923
10.250608,-20.584990,9.438523
10.250608,-19.503050,9.438523
10.250608,-18.421110,43.896923
10.250608,-17.339170,43.896923
10.250608,-16.257230,6.698366
10.250608,-15.175290,6.698366
10.250608,-14.093350,4.969519
10.250608,-13.011410,4.969519
10.250608,-11.929470,3.457695
10.250608,-10.847530,3.457695
10.250608,-9.765590,2.229360
10.250608,-8.683650,3.041029
10.250608,-7.601710,1.844878
10.250608,-6.519770,1.966570
10.250608,-5.437830,1.039816
10.250608,-4.355890,1.511824
10.250608,-3.273950,1.966570
10.250608,-2.192010,1.511824
10.250608,-1.110070,1.966570
10.250608,-0.028130,2.856189
10.250608,1.053810,2.523135
10.250608,2.135750,3.695418
10.250608,3.217690,3.457695
10.250608,4.299630,4.251982
10.250608,5.381570,6.698366
10.250608,6.463510,5.424265
10.250608,7.545450,5.424265
10.250608,8.627390,9.438523
10.250608,9.709330,9.438523
10.250608,10.791270,9.438523
10.250608,11.873210,43.896923
10.250608,12.955150,7.709677
10.250608,14.037090,43.896923
10.250608,15.119030,43.896923
10.250608,16.200970,43.896923
10.250608,17.282910,43.896923
10.250608,18.364850,43.896923
10.250608,19.446790,43.896923
10.250608,20.528730,9.438523
10.250608,21.610670,9.438523
10.250608,22.692610,43.896923
10.250608,23.774550,43.896923
10.250608,24.856490,43.896923
10.250608,25.938430,43.896923
11.293304,-27.076630,43.896923
11.293304,-25.994690,43.896923
11.293304,-24.912750,43.896923
11.293304,-23.830810,43.896923
11.293304,-22.748870,43.896923
11.293304,-21.666930,43.896923
11.293304,-20.584990,43.896923
11.293304,-19.503050,43.896923
11.293304,-18.421110,43.896923
11.293304,-17.339170,43.896923
11.293304,-16.257230,43.896923
11.293304,-15.175290,9.438523
11.293304,-14.093350,9.438523
11.293304,-13.011410,7.709677
11.293304,-11.929470,5.980830
11.293304,-10.847530,3.041029
11.293304,-9.765590,2.229360
11.293304,-8.683650,2.094506
11.293304,-7.601710,1.617976
11.293304,-6.519770,0.955259
11.293304,-5.437830,0.873475
11.293304,-4.355890,1.039816
11.293304,-3.273950,1.039816
11.293304,-2.192010,1.511824
11.293304,-1.110070,1.728848
11.293304,-0.028130,1.728848
11.293304,1.053810,1.844878
11.293304,2.135750,3.041029
11.293304,3.217690,3.958208
11.293304,4.299630,5.980830
11.293304,5.381570,5.980830
11.293304,6.463510,9.438523
11.293304,7.545450,43.896923
11.293304,8.627390,43.896923
11.293304,9.709330,7.709677
11.293304,10.791270,7.709677
11.293304,11.873210,9.438523
11.293304,12.955150,43.896923
11.293304,14.037090,7.709677
11.293304,15.119030,43.896923
11.293304,16.200970,43.896923
11.293304,17.282910,43.896923
11.293304,18.364850,43.896923
11.293304,19.446790,43.896923
11.293304,20.528730,43.896923
11.293304,21.610670,43.896923
11.293304,22.692610,43.896923
11.293304,23.774550,43.896923
11.293304,24.856490,43.896923
11.293304,25.938430,43.896923
12.336000,-27.076630,43.896923
12.336000,-25.994690,43.896923
12.336000,-24.912750,43.896923
12.336000,-23.830810,43.896923
12.336000,-22.748870,43.896923
12.336000,-21.666930,43.896923
12.336000,-20.584990,43.896923
12.336000,-19.503050,43.896923
12.336000,-18.421110,43.896923
12.336000,-17.339170,43.896923
12.336000,-16.257230,9.438523
12.336000,-15.175290,9.438523
12.336000,-14.093350,5.980830
12.336000,-13.011410,7.709677
12.336000,-11.929470,5.424265
12.336000,-10.847530,3.457695
12.336000,-9.765590,2.684107
12.336000,-8.683650,1.410006
12.336000,-7.601710,2.229360
12.336000,-6.519770,2.684107
12.336000,-5.437830,2.094506
12.336000,-4.355890,1.728848
12.336000,-3.273950,1.511824
12.336000,-2.192010,1.511824
12.336000,-1.110070,0.873475
12.336000,-0.028130,0.717537
12.336000,1.053810,1.728848
12.336000,2.135750,2.229360
12.336000,3.217690,2.229360
12.336000,4.299630,4.251982
12.336000,5.381570,4.585036
12.336000,6.463510,6.698366
12.336000,7.545450,7.709677
12.336000,8.627390,7.709677
12.336000,9.709330,43.896923
12.336000,10.791270,43.896923
12.336000,11.873210,43.896923
12.336000,12.955150,43.896923
12.336000,14.037090,43.896923
12.336000,15.119030,43.896923
12.336000,16.200970,43.896923
12.336000,17.282910,43.896923
12.336000,18.364850,43.896923
12.336000,19.446790,43.896923
12.336000,20.528730,43.896923
12.336000,21.610670,43.896923
12.336000,22.692610,43.896923
12.336000,23.774550,43.896923
12.336000,24.856490,43.896923
12.336000,25.938430,43.896923
13.378696,-27.076630,43.896923
13.378696,-25.994690,43.896923
13.378696,-24.912750,43.896923
13.378696,-23.830810,43.896923
13.378696,-22.748870,43.896923
13.378696,-21.666930,43.896923
13.378696,-20.584990,43.896923
13.378696,-19.503050,43.896923
13.378696,-18.421110,43.896923
13.378696,-17.339170,43.896923
13.378696,-16.257230,9.438523
13.378696,-15.175290,6.698366
13.378696,-14.093350,5.424265
13.378696,-13.011410,4.585036
13.378696,-11.929470,5.424265
13.378696,-10.847530,3.695418
13.378696,-9.765590,3.240671
13.378696,-8.683650,1.511824
13.378696,-7.601710,3.041029
13.378696,-6.519770,2.684107
13.378696,-5.437830,1.312181
13.378696,-4.355890,0.955259
13.378696,-3.273950,2.371925
13.378696,-2.192010,1.728848
13.378696,-1.110070,2.684107
13.378696,-0.028130,1.728848
13.378696,1.053810,2.856189
13.378696,2.135750,2.856189
13.378696,3.217690,2.856189
13.378696,4.299630,3.240671
13.378696,5.381570,6.698366
13.378696,6.463510,6.698366
13.378696,7.545450,6.698366
13.378696,8.627390,7.709677
13.378696,9.709330,7.709677
13.378696,10.791270,43.896923
13.378696,11.873210,43.896923
13.378696,12.955150,43.896923
13.378696,14.037090,43.896923
13.378696,15.119030,43.896923
13.378696,16.200970,43.896923
13.378696,17.282910,43.896923
13.378696,18.364850,43.896923
13.378696,19.446790,43.896923
13.378696,20.528730,43.896923
13.378696,21.610670,43.896923
13.378696,22.692610,43.896923
13.378696,23.774550,43.896923
13.378696,24.856490,43.896923
13.378696,25.938430,43.896923
14.421392,-27.076630,43.896923
14.421392,-25.994690,43.896923
14.421392,-24.912750,43.896923
14.421392,-23.830810,43.896923
14.421392,-22.748870,43.896923
14.421392,-21.666930,43.896923
14.421392,-20.584990,43.896923
14.421392,-19.503050,43.896923
14.421392,-18.421110,43.896923
14.421392,-17.339170,43.896923
14.421392,-16.257230,43.896923
14.421392,-15.175290,5.980830
14.421392,-14.093350,6.698366
14.421392,-13.011410,6.698366
14.421392,-11.929470,5.980830
14.421392,-10.847530,4.251982
14.421392,-9.765590,3.457695
14.421392,-8.683650,2.523135
14.421392,-7.601710,3.457695
14.421392,-6.519770,1.728848
14.421392,-5.437830,3.457695
14.421392,-4.355890,1.617976
14.421392,-3.273950,1.966570
14.421392,-2.192010,1.218049
14.421392,-1.110070,1.218049
14.421392,-0.028130,1.966570
14.421392,1.053810,2.371925
14.421392,2.135750,1.728848
14.421392,3.217690,3.457695
14.421392,4.299630,4.585036
14.421392,5.381570,4.251982
14.421392,6.463510,5.980830
14.421392,7.545450,5.980830
14.421392,8.627390,43.896923
14.421392,9.709330,43.896923
14.421392,10.791270,43.896923
14.421392,11.873210,43.896923
14.421392,12.955150,43.896923
14.421392,14.037090,43.896923
14.421392,15.119030,43.896923
14.421392,16.200970,43.896923
14.421392,17.282910,43.896923
14.421392,18.364850,43.896923
14.421392,19.446790,43.896923
14.421392,20.528730,43.896923
14.421392,21.610670,43.896923
14.421392,22.692610,43.896923
14.421392,23.774550,43.896923
14.421392,24.856490,43.896923
14.421392,25.938430,43.896923
15.464088,-27.076630,43.896923
15.464088,-25.994690,43.896923
15.464088,-24.912750,43.896923
15.464088,-23.830810,43.896923
15.464088,-22.748870,43.896923
15.464088,-21.666930,43.896923
15.464088,-20.584990,9.438523
15.464088,-19.503050,9.438523
15.464088,-18.421110,43.896923
15.464088,-17.339170,43.896923
15.464088,-16.257230,43.896923
15.464088,-15.175290,7.709677
15.464088,-14.093350,7.709677
15.464088,-13.011410,4.585036
15.464088,-11.929470,5.980830
15.464088,-10.847530,6.698366
15.464088,-9.765590,4.585036
15.464088,-8.683650,2.371925
15.464088,-7.601710,2.523135
15.464088,-6.519770,1.410006
15.464088,-5.437830,2.523135
15.464088,-4.355890,1.844878
15.464088,-3.273950,2.856189
15.464088,-2.192010,2.684107
15.464088,-1.110070,1.617976
15.464088,-0.028130,1.966570
15.464088,1.053810,3.695418
15.464088,2.135750,2.856189
15.464088,3.217690,4.585036
15.464088,4.299630,4.251982
15.464088,5.381570,5.980830
15.464088,6.463510,7.709677
15.464088,7.545450,7.709677
15.464088,8.627390,43.896923
15.464088,9.709330,9.438523
15.464088,10.791270,43.896923
15.464088,11.873210,43.896923
15.464088,12.955150,43.896923
15.464088,14.037090,43.896923
15.464088,15.119030,43.896923
15.464088,16.200970,43.896923
15.464088,17.282910,43.896923
15.464088,18.364850,43.896923
15.464088,19.446790,43.896923
15.464088,20.528730,43.896923
15.464088,21.610670,43.896923
15.464088,22.692610,43.896923
15.464088,23.774550,43.896923
15.464088,24.856490,43.896923
15.464088,25.938430,43.896923
16.506784,-27.076630,43.896923
16.506784,-25.994690,43.896923
16.506784,-24.912750,43.896923
16.506784,-23.830810,43.896923
16.506784,-22.748870,43.896923
16.506784,-21.666930,43.896923
16.506784,-20.584990,43.896923
16.506784,-19.503050,43.896923
16.506784,-18.421110,43.896923
16.506784,-17.339170,43.896923
16.506784,-16.257230,7.709677
16.506784,-15.175290,43.896923
16.506784,-14.093350,7.709677
16.506784,-13.011410,5.424265
16.506784,-11.929470,5.424265
16.506784,-10.847530,3.695418
16.506784,-9.765590,3.695418
16.506784,-8.683650,3.041029
16.506784,-7.601710,3.041029
16.506784,-6.519770,2.523135
16.506784,-5.437830,2.229360
16.506784,-4.355890,2.371925
16.506784,-3.273950,2.371925
16.506784,-2.192010,1.844878
16.506784,-1.110070,2.371925
16.506784,-0.028130,2.856189
16.506784,1.053810,2.523135
16.506784,2.135750,3.958208
16.506784,3.217690,4.969519
16.506784,4.299630,5.424265
16.506784,5.381570,4.969519
16.506784,6.463510,9.438523
16.506784,7.545450,43.896923
16.506784,8.627390,43.896923
16.506784,9.709330,43.896923
16.506784,10.791270,43.896923
16.506784,11.873210,43.896923
16.506784,12.955150,43.896923
16.506784,14.037090,43.896923
16.506784,15.119030,43.896923
16.506784,16.200970,43.896923
16.506784,17.282910,43.896923
16.506784,18.364850,43.896923
16.506784,19.446790,43.896923
16.506784,20.528730,43.896923
16.506784,21.610670,43.896923
16.506784,22.692610,43.896923
16.506784,23.774550,43.896923
16.506784,24.856490,43.896923
16.506784,25.938430,43.896923
17.549480,-27.076630,43.896923
17.549480,-25.994690,43.896923
17.549480,-24.912750,43.896923
17.549480,-23.830810,43.896923
17.549480,-22.748870,43.896923
17.549480,-21.666930,43.896923
17.549480,-20.584990,43.896923
17.549480,-19.503050,43.896923
17.549480,-18.421110,43.896923
17.549480,-17.339170,7.709677
17.549480,-16.257230,9.438523
17.549480,-15.175290,43.896923
17.549480,-14.093350,5.980830
17.549480,-13.011410,6.698366
17.549480,-11.929470,6.698366
17.549480,-10.847530,3.958208
17.549480,-9.765590,3.958208
17.549480,-8.683650,3.041029
17.549480,-7.601710,2.856189
17.549480,-6.519770,2.094506
17.549480,-5.437830,1.511824
17.549480,-4.355890,1.966570
17.549480,-3.273950,2.229360
17.549480,-2.192010,2.094506
17.549480,-1.110070,3.240671
17.549480,-0.028130,3.958208
17.549480,1.053810,3.958208
17.549480,2.135750,5.980830
17.549480,3.217690,4.251982
17.549480,4.299630,6.698366
17.549480,5.381570,6.698366
17.549480,6.463510,9.438523
17.549480,7.545450,9.438523
17.549480,8.627390,6.698366
17.549480,9.709330,43.896923
17.549480,10.791270,43.896923
17.549480,11.873210,43.896923
17.549480,12.955150,43.896923
17.549480,14.037090,43.896923
17.549480,15.119030,43.896923
17.549480,16.200970,43.896923
17.549480,17.282910,43.896923
17.549480,18.364850,43.896923
17.549480,19.446790,43.896923
17.549480,20.528730,43.896923
17.549480,21.610670,43.896923
17.549480,22.692610,43.896923
17.549480,23.774550,43.896923
17.549480,24.856490,43.896923
17.549480,25.938430,43.896923
18.592176,-27.076630,43.896923
18.592176,-25.994690,43.896923
18.592176,-24.912750,43.896923
18.592176,-23.830810,43.896923
18.592176,-22.748870,43.896923
18.592176,-21.666930,43.896923
18.592176,-20.584990,43.896923
18.592176,-19.503050,7.709677
18.592176,-18.421110,43.896923
18.592176,-17.339170,9.438523
18.592176,-16.257230,7.709677
18.592176,-15.175290,7.709677
18.592176,-14.093350,7.709677
18.592176,-13.011410,9.438523
18.592176,-11.929470,6.698366
18.592176,-10.847530,2.684107
18.592176,-9.765590,3.457695
18.592176,-8.683650,4.251982
18.592176,-7.601710,2.684107
18.592176,-6.519770,2.523135
18.592176,-5.437830,2.523135
18.592176,-4.355890,1.410006
18.592176,-3.273950,2.523135
18.592176,-2.192010,3.240671
18.592176,-1.110070,4.585036
18.592176,-0.028130,3.958208
18.592176,1.053810,4.969519
18.592176,2.135750,7.709677
18.592176,3.217690,9.438523
18.592176,4.299630,43.896923
18.592176,5.381570,9.438523
18.592176,6.463510,7.709677
18.592176,7.545450,43.896923
18.592176,8.627390,43.896923
18.592176,9.709330,43.896923
18.592176,10.791270,43.896923
18.592176,11.873210,43.896923
18.592176,12.955150,43.896923
18.592176,14.037090,43.896923
18.592176,15.119030,43.896923
18.592176,16.200970,43.896923
18.592176,17.282910,43.896923
18.592176,18.364850,43.896923
18.592176,19.446790,43.896923
18.592176,20.528730,43.896923
18.592176,21.610670,43.896923
18.592176,22.692610,43.896923
18.592176,23.774550,43.896923
18.592176,24.856490,43.896923
18.592176,25.938430,43.896923
19.634872,-27.076630,43.896923
19.634872,-25.994690,43.896923
19.634872,-24.912750,43.896923
19.634872,-23.830810,43.896923
19.634872,-22.748870,43.896923
19.634872,-21.666930,43.896923
19.634872,-20.584990,43.896923
19.634872,-19.503050,43.896923
19.634872,-18.421110,43.896923
19.634872,-17.339170,43.896923
19.634872,-16.257230,9.438523
19.634872,-15.175290,43.896923
19.634872,-14.093350,7.709677
19.634872,-13.011410,6.698366
19.634872,-11.929470,4.969519
19.634872,-10.847530,5.980830
19.634872,-9.765590,3.958208
19.634872,-8.683650,3.695418
19.634872,-7.601710,5.424265
19.634872,-6.519770,4.585036
19.634872,-5.437830,4.969519
19.634872,-4.355890,3.958208
19.634872,-3.273950,3.958208
19.634872,-2.192010,6.698366
19.634872,-1.110070,7.709677
19.634872,-0.028130,5.424265
19.634872,1.053810,5.980830
19.634872,2.135750,7.709677
19.634872,3.217690,9.438523
19.634872,4.299630,9.438523
19.634872,5.381570,43.896923
19.634872,6.463510,9.438523
19.634872,7.545450,43.896923
19.634872,8.627390,9.438523
19.634872,9.709330,43.896923
19.634872,10.791270,43.896923
19.634872,11.873210,43.896923
19.634872,12.955150,43.896923
19.634872,14.037090,43.896923
19.634872,15.119030,43.896923
19.634872,16.200970,43.896923
19.634872,17.282910,43.896923
19.634872,18.364850,43.896923
19.634872,19.446790,43.896923
19.634872,20.528730,43.896923
19.634872,21.610670,43.896923
19.634872,22.692610,43.896923
19.634872,23.774550,43.896923
19.634872,24.856490,43.896923
19.634872,25.938430,43.896923
20.677568,-27.076630,43.896923
20.677568,-25.994690,43.896923
20.677568,-24.912750,43.896923
20.677568,-23.830810,43.896923
20.677568,-22.748870,43.896923
20.677568,-21.666930,43.896923
20.677568,-20.584990,43.896923
20.677568,-19.503050,43.896923
20.677568,-18.421110,43.896923
20.677568,-17.339170,9.438523
20.677568,-16.257230,9.438523
20.677568,-15.175290,43.896923
20.677568,-14.093350,43.896923
20.677568,-13.011410,9.438523
20.677568,-11.929470,7.709677
20.677568,-10.847530,6.698366
20.677568,-9.765590,3.695418
20.677568,-8.683650,4.585036
20.677568,-7.601710,4.585036
20.677568,-6.519770,7.709677
20.677568,-5.437830,4.251982
20.677568,-4.355890,5.980830
20.677568,-3.273950,6.698366
20.677568,-2.192010,5.980830
20.677568,-1.110070,6.698366
20.677568,-0.028130,9.438523
20.677568,1.053810,5.424265
20.677568,2.135750,43.896923
20.677568,3.217690,43.896923
20.677568,4.299630,9.438523
20.677568,5.381570,43.896923
20.677568,6.463510,43.896923
20.677568,7.545450,43.896923
20.677568,8.627390,43.896923
20.677568,9.709330,43.896923
20.677568,10.791270,43.896923
20.677568,11.873210,43.896923
20.677568,12.955150,43.896923
20.677568,14.037090,43.896923
20.677568,15.119030,43.896923
20.677568,16.200970,43.896923
20.677568,17.282910,43.896923
20.677568,18.364850,43.896923
20.677568,19.446790,43.896923
20.677568,20.528730,43.896923
20.677568,21.610670,43.896923
20.677568,22.692610,43.896923
20.677568,23.774550,43.896923
20.677568,24.856490,43.896923
20.677568,25.938430,43.896923
21.720264,-27.076630,43.896923
21.720264,-25.994690,43.896923
21.720264,-24.912750,43.896923
21.720264,-23.830810,43.896923
21.720264,-22.748870,43.896923
21.720264,-21.666930,43.896923
21.720264,-20.584990,43.896923
21.720264,-19.503050,43.896923
21.720264,-18.421110,43.896923
21.720264,-17.339170,43.896923
21.720264,-16.257230,43.896923
21.720264,-15.175290,43.896923
21.720264,-14.093350,43.896923
21.720264,-13.011410,43.896923
21.720264,-11.929470,43.896923
21.720264,-10.847530,43.896923
21.720264,-9.765590,6.698366
21.720264,-8.683650,5.980830
21.720264,-7.601710,6.698366
21.720264,-6.519770,6.698366
21.720264,-5.437830,43.896923
21.720264,-4.355890,7.709677
21.720264,-3.273950,7.709677
21.720264,-2.192010,43.896923
21.720264,-1.110070,9.438523
21.720264,-0.028130,43.896923
21.720264,1.053810,9.438523
21.720264,2.135750,43.896923
21.720264,3.217690,43.896923
21.720264,4.299630,43.896923
21.720264,5.381570,43.896923
21.720264,6.463510,43.896923
21.720264,7.545450,43.896923
21.720264,8.627390,43.896923
21.720264,9.709330,43.896923
21.720264,10.791270,43.896923
21.720264,11.873210,43.896923
21.720264,12.955150,43.896923
21.720264,14.037090,43.896923
21.720264,15.119030,43.896923
21.720264,16.200970,43.896923
21.720264,17.282910,43.896923
21.720264,18.364850,43.896923
21.720264,19.446790,43.896923
21.720264,20.528730,43.896923
21.720264,21.610670,43.896923
21.720264,22.692610,43.896923
21.720264,23.774550,43.896923
21.720264,24.856490,43.896923
21.720264,25.938430,43.896923
22.762960,-27.076630,43.896923
22.762960,-25.994690,43.896923
22.762960,-24.912750,43.896923
22.762960,-23.830810,43.896923
22.762960,-22.748870,43.896923
22.762960,-21.666930,43.896923
22.762960,-20.584990,43.896923
22.762960,-19.503050,43.896923
22.762960,-18.421110,43.896923
22.762960,-17.339170,43.896923
22.762960,-16.257230,43.896923
22.762960,-15.175290,43.896923
22.762960,-14.093350,43.896923
22.762960,-13.011410,43.896923
22.762960,-11.929470,9.438523
22.762960,-10.847530,9.438523
22.762960,-9.765590,43.896923
22.762960,-8.683650,43.896923
22.762960,-7.601710,9.438523
22.762960,-6.519770,7.709677
22.762960,-5.437830,9.438523
22.762960,-4.355890,43.896923
22.762960,-3.273950,9.438523
22.762960,-2.192010,43.896923
22.762960,-1.110070,43.896923
22.762960,-0.028130,9.438523
22.762960,1.053810,43.896923
22.762960,2.135750,43.896923
22.762960,3.217690,43.896923
22.762960,4.299630,43.896923
22.762960,5.381570,43.896923
22.762960,6.463510,43.896923
22.762960,7.545450,43.896923
22.762960,8.627390,43.896923
22.762960,9.709330,43.896923
22.762960,10.791270,43.896923
22.762960,11.873210,43.896923
22.762960,12.955150,43.896923
22.762960,14.037090,43.896923
22.762960,15.119030,43.896923
22.762960,16.200970,43.896923
22.762960,17.282910,43.896923
22.762960,18.364850,43.896923
22.762960,19.446790,43.896923
22.762960,20.528730,43.896923
22.762960,21.610670,43.896923
22.762960,22.692610,43.896923
22.762960,23.774550,43.896923
22.762960,24.856490,43.896923
22.762960,25.938430,43.896923
23.805656,-27.076630,43.896923
23.805656,-25.994690,43.896923
23.805656,-24.912750,43.896923
23.805656,-23.830810,43.896923
23.805656,-22.748870,43.896923
23.805656,-21.666930,43.896923
23.805656,-20.584990,43.896923
23.805656,-19.503050,43.896923
23.805656,-18.421110,43.896923
23.805656,-17.339170,9.438523
23.805656,-16.257230,43.896923
23.805656,-15.175290,43.896923
23.805656,-14.093350,43.896923
23.805656,-13.011410,43.896923
23.805656,-11.929470,43.896923
23.805656,-10.847530,43.896923
23.805656,-9.765590,43.896923
23.805656,-8.683650,43.896923
23.805656,-7.601710,9.438523
23.805656,-6.519770,43.896923
23.805656,-5.437830,9.438523
23.805656,-4.355890,43.896923
23.805656,-3.273950,43.896923
23.805656,-2.192010,43.896923
23.805656,-1.110070,43.896923
23.805656,-0.028130,43.896923
23.805656,1.053810,43.896923
23.805656,2.135750,43.896923
23.805656,3.217690,43.896923
23.805656,4.299630,43.896923
23.805656,5.381570,43.896923
23.805656,6.463510,43.896923
23.805656,7.545450,43.896923
23.805656,8.627390,43.896923
23.805656,9.709330,43.896923
23.805656,10.791270,43.896923
23.805656,11.873210,43.896923
23.805656,12.955150,43.896923
23.805656,14.037090,43.896923
23.805656,15.119030,43.896923
23.805656,16.200970,43.896923
23.805656,17.282910,43.896923
23.805656,18.364850,43.896923
23.805656,19.446790,43.896923
23.805656,20.528730,43.896923
23.805656,21.610670,43.896923
23.805656,22.692610,43.896923
23.805656,23.774550,43.896923
23.805656,24.856490,43.896923
23.805656,25.938430,43.896923
24.848352,-27.076630,43.896923
24.848352,-25.994690,43.896923
24.848352,-24.912750,43.896923
24.848352,-23.830810,43.896923
24.848352,-22.748870,43.896923
24.848352,-21.666930,43.896923
24.848352,-20.584990,43.896923
24.848352,-19.503050,43.896923
24.848352,-18.421110,43.896923
24.848352,-17.339170,43.896923
24.848352,-16.257230,43.896923
24.848352,-15.175290,43.896923
24.848352,-14.093350,43.896923
24.848352,-13.011410,43.896923
24.848352,-11.929470,43.896923
24.848352,-10.847530,43.896923
24.848352,-9.765590,43.896923
24.848352,-8.683650,43.896923
24.848352,-7.601710,43.896923
24.848352,-6.519770,9.438523
24.848352,-5.437830,43.896923
24.848352,-4.355890,43.896923
24.848352,-3.273950,43.896923
24.848352,-2.192010,43.896923
24.848352,-1.110070,43.896923
24.848352,-0.028130,43.896923
24.848352,1.053810,43.896923
24.848352,2.135750,43.896923
24.848352,3.217690,43.896923
24.848352,4.299630,43.896923
24.848352,5.381570,43.896923
24.848352,6.463510,43.896923
24.848352,7.545450,43.896923
24.848352,8.627390,43.896923
24.848352,9.709330,43.896923
24.848352,10.791270,43.896923
24.848352,11.873210,43.896923
24.848352,12.955150,43.896923
24.848352,14.037090,43.896923
24.848352,15.119030,43.896923
24.848352,16.200970,43.896923
24.848352,17.282910,43.896923
24.848352,18.364850,43.896923
24.848352,19.446790,43.896923
24.848352,20.528730,43.896923
24.848352,21.610670,43.896923
24.848352,22.692610,43.896923
24.848352,23.774550,43.896923
24.848352,24.856490,43.896923
24.848352,25.938430,43.896923
